Club,EvaluationMode,RED_DistanceYd,WHITE_DistanceYd,BLUE_DistanceYd,LateralELimitYd,S_Threshold,A_Threshold,B_Threshold,D_Threshold
1W,DRIVER_DISTANCE,180,220,250,30,1.1,1.0,0.9,0.75
3W,TARGET_ACCURACY,165,200,225,25,7.0,12.0,18.0,27.0
5W,TARGET_ACCURACY,150,185,210,23,7.0,12.0,18.0,26.0
UT,TARGET_ACCURACY,140,175,200,22,6.0,11.0,17.0,25.0
5I,TARGET_ACCURACY,130,165,190,20,6.0,10.0,16.0,24.0
6I,TARGET_ACCURACY,120,155,180,18,5.0,10.0,15.0,22.0
7I,TARGET_ACCURACY,110,145,170,17,5.0,9.0,14.0,21.0
8I,TARGET_ACCURACY,100,135,155,15,4.0,8.0,13.0,19.0
9I,TARGET_ACCURACY,90,125,145,14,4.0,8.0,12.0,18.0
PW,TARGET_ACCURACY,80,110,130,12,3.0,7.0,11.0,16.0
AW,TARGET_ACCURACY,65,95,110,10,3.0,6.0,10.0,15.0
SW,TARGET_ACCURACY,50,80,95,8,3.0,6.0,9.0,14.0
